{"cameraMode":{"drawMode":0,"name":"Shaded","section":"Shading Mode"},"sceneLighting":true,"audioPlay":false,"sceneViewState":{"m_AlwaysRefresh":false,"showFog":true,"showSkybox":true,"showFlares":true,"showImageEffects":true,"showParticleSystems":true,"showVisualEffectGraphs":true,"m_FxEnabled":true},"in2DMode":false,"pivot":{"x":-14.289726257324219,"y":15.884917259216309,"z":-16.37449836730957},"rotation":{"x":-0.3317611813545227,"y":-0.07573719322681427,"z":0.026732156053185464,"w":-0.9399387240409851},"size":12.546689987182618,"orthographic":false}