{"cameraMode":{"drawMode":0,"name":"Shaded","section":"Shading Mode"},"sceneLighting":true,"audioPlay":false,"sceneViewState":{"m_AlwaysRefresh":false,"showFog":true,"showSkybox":true,"showFlares":true,"showImageEffects":true,"showParticleSystems":true,"showVisualEffectGraphs":true,"m_FxEnabled":true},"in2DMode":false,"pivot":{"x":-47.08894348144531,"y":9.571487426757813,"z":9.612602233886719},"rotation":{"x":0.16446225345134736,"y":-0.0337173230946064,"z":0.005624731071293354,"w":0.9857943654060364},"size":3.0771398544311525,"orthographic":false}