{"cameraMode":{"drawMode":0,"name":"Shaded","section":"Shading Mode"},"sceneLighting":true,"audioPlay":false,"sceneViewState":{"m_AlwaysRefresh":false,"showFog":true,"showSkybox":true,"showFlares":true,"showImageEffects":true,"showParticleSystems":true,"showVisualEffectGraphs":true,"m_FxEnabled":true},"in2DMode":false,"pivot":{"x":-54.482337951660159,"y":9.367563247680664,"z":16.07430648803711},"rotation":{"x":0.02568705379962921,"y":0.9735698103904724,"z":-0.13998833298683167,"w":0.17865495383739472},"size":7.236058712005615,"orthographic":false}