{"cameraMode":{"drawMode":0,"name":"Shaded","section":"Shading Mode"},"sceneLighting":true,"audioPlay":false,"sceneViewState":{"m_AlwaysRefresh":false,"showFog":true,"showSkybox":true,"showFlares":true,"showImageEffects":true,"showParticleSystems":true,"showVisualEffectGraphs":true,"m_FxEnabled":true},"in2DMode":false,"pivot":{"x":-22.98500633239746,"y":3.4545092582702638,"z":-5.5047502517700199},"rotation":{"x":-0.1879454255104065,"y":0.049182094633579257,"z":-0.009423202835023404,"w":-0.9809033870697022},"size":88.95990753173828,"orthographic":false}